model,accuracy,precision,recall,f1_score,roc_auc,pr_auc,true_negative,false_positive,false_negative,true_positive
naive_bayes,0.8715767002134798,0.9262739907346128,0.8188147194758089,0.8692357854858243,0.9131225376298755,0.9111258109218262,14583,1114,3097,13996
logistic_regression,0.9618176273254041,0.9600394958471279,0.9670040367401861,0.963509180996794,0.9919086931547435,0.9922497717847295,15009,688,564,16529
