model,accuracy,precision,recall,f1,roc_auc,pr_auc,true_negative,false_positive,false_negative,true_positive
naive_bayes,0.9540103690149436,0.9854241933474523,0.9254709254709255,0.9545070592494268,0.9950826481789785,0.9949181414541097,15462,234,1274,15820
logistic_regression,0.9866727660872218,0.9848634802351982,0.9896454896454896,0.9872486942312743,0.9988345383987586,0.9987991425505277,15436,260,177,16917
linear_svm,0.9925587069228423,0.9915976193254755,0.9941499941499942,0.9928721663940173,0.9994663360489048,0.9994438810826427,15552,144,100,16994
